[
    {
        "name": "phpmailer/phpmailer",
        "version": "v6.1.7",
        "version_normalized": "6.1.7.0",
        "source": {
            "type": "git",
            "url": "https://github.com/PHPMailer/PHPMailer.git",
            "reference": "2c2370ba3df7034f9eb7b8f387c97b52b2ba5ad0"
        },
        "dist": {
            "type": "zip",
            "url": "https://api.github.com/repos/PHPMailer/PHPMailer/zipball/2c2370ba3df7034f9eb7b8f387c97b52b2ba5ad0",
            "reference": "2c2370ba3df7034f9eb7b8f387c97b52b2ba5ad0",
            "shasum": ""
        },
        "require": {
            "ext-ctype": "*",
            "ext-filter": "*",
            "php": ">=5.5.0"
        },
        "require-dev": {
            "doctrine/annotations": "^1.2",
            "friendsofphp/php-cs-fixer": "^2.2",
            "phpunit/phpunit": "^4.8 || ^5.7"
        },
        "suggest": {
            "ext-mbstring": "Needed to send email in multibyte encoding charset",
            "hayageek/oauth2-yahoo": "Needed for Yahoo XOAUTH2 authentication",
            "league/oauth2-google": "Needed for Google XOAUTH2 authentication",
            "psr/log": "For optional PSR-3 debug logging",
            "stevenmaguire/oauth2-microsoft": "Needed for Microsoft XOAUTH2 authentication",
            "symfony/polyfill-mbstring": "To support UTF-8 if the Mbstring PHP extension is not enabled (^1.2)"
        },
        "time": "2020-07-14T18:50:27+00:00",
        "type": "library",
        "installation-source": "dist",
        "autoload": {
            "psr-4": {
                "PHPMailer\\PHPMailer\\": "src/"
            }
        },
        "notification-url": "https://packagist.org/downloads/",
        "license": [
            "LGPL-2.1-only"
        ],
        "authors": [
            {
                "name": "Marcus Bointon",
                "email": "phpmailer@synchromedia.co.uk"
            },
            {
                "name": "Jim Jagielski",
                "email": "jimjag@gmail.com"
            },
            {
                "name": "Andy Prevost",
                "email": "codeworxtech@users.sourceforge.net"
            },
            {
                "name": "Brent R. Matzelle"
            }
        ],
        "description": "PHPMailer is a full-featured email creation and transfer class for PHP",
        "funding": [
            {
                "url": "https://github.com/synchro",
                "type": "github"
            }
        ]
    }
]
